Pid,is_helpful,rating,Actual Response,Review Number,Cost per review,Time Taken,amazon_page,Review text,Rephrased Snippets,aspect,QA_Content,Accept,Processed_QA_Content,id,accept_choice1,accept1,annotator,annotation_id,created_at,updated_at,lead_time,Model_choice
90bff502-b5e4-11ee-92e6-6d304ea26a0e,0,4,"""{'feature': 'motion detection range of flood-security-lights', 'actual_sentence_extracted': 'The remote has a very limited range, however.', 'rephrased_it(without experience & observation)': 'The user mentioned that the remote has a very limited range.', 'sentiment': 'negative'}""",3,0,1.558430671691895,https://amazon.com/dp/B0C27MSSX2,"I keep them set on ""mode 2"" which is dim all night until motion where they get bright for like 20-30 seconds until the motion is gone.  

The motion sensing works good.  

These are mainly to keep track of our dogs at night as our yard is very large.  

We have enough motion lights on the perimeter to locate them as they walk/run by.  

The batteries on these lights last a long time and they last from dusk to dawn in ""mode 2"".  

The remote has a very limited range, however.","{'feature': 'motion detection range of flood-security-lights', 'actual_sentence_extracted': 'The remote has a very limited range, however.', 'rephrased_it(without experience & observation)': 'The user mentioned that the remote has a very limited range.', 'sentiment': 'negative'}",motion detection range,The user mentioned that the remote has a very limited range.,,The remote has a very limited range.,445278,NO,"{""text"": [""The remote has a very limited range."", ""The remote has a very limited range.""]}",38,384802,2024-05-29T05:10:34.084241Z,2024-05-29T05:10:43.981995Z,750.359,YES
90bff502-b5e4-11ee-92e6-6d304ea26a0e,0,5,"""{'feature': 'energy efficiency of flood-security-lights', 'actual_sentence_extracted': 'The lights come on at dusk, stay on all night and auto shut off at dawn.', 'rephrased_it(without experience & observation)': 'The user mentioned that the lights turn on at dusk, stay on all night and auto shut off at dawn, indicating energy efficiency.', 'sentiment': 'positive'}""",5,0,1.997992277145386,https://amazon.com/dp/B0C27MSSX2,"So far, these outdoor solar lights have been impressive.  

I installed all four to surround my back yard.  

When all the lights are motion activated, the brightness lit up my whole yard (roughly about 1/4 acre in a rectangular shape).

After the 20 seconds have passed, the brightness dimmed, but the setting I chose (#2) keeps the yard illuminated.

The lights come on at dusk, stay on all night and auto shut off at dawn.

It’s been about two weeks since installation and so far so good.","{'feature': 'energy efficiency of flood-security-lights', 'actual_sentence_extracted': 'The lights come on at dusk, stay on all night and auto shut off at dawn.', 'rephrased_it(without experience & observation)': 'The user mentioned that the lights turn on at dusk, stay on all night and auto shut off at dawn, indicating energy efficiency.', 'sentiment': 'positive'}",energy efficiency,"The user mentioned that the lights turn on at dusk, stay on all night and auto shut off at dawn, indicating energy efficiency.",,"The lights turn on at dusk, stay on all night, and auto shut off at dawn, indicating energy efficiency.",445266,YES,"{""text"": [""The lights turn on at dusk, stay on all night, and auto shut off at dawn."", ""The lights turn on at dusk, stay on all night, and auto shut off at dawn, indicating energy efficiency.""]}",38,384775,2024-05-29T05:08:52.761978Z,2024-05-29T05:09:03.835094Z,650.011,YES
90bff502-b5e4-11ee-92e6-6d304ea26a0e,0,3,"""{'feature': 'motion detection range of flood-security-lights', 'actual_sentence_extracted': 'I put two up on the side of the barn they are bright and the motion detection is great, I put one up over my walkway from my parking area, the motion detection does not work', 'rephrased_it(without experience & observation)': 'The user mentioned that the motion detection is great for the two flood-security-lights installed on the side of the barn, but the motion detection does not work for the one installed over the walkway from his parking area.', 'sentiment': 'positive'}""",2,0,2.87217378616333,https://amazon.com/dp/B0C27MSSX2,"I bought two sets of these for my driveway down the side of my barn. I put two up on the side of the barn they are bright and the motion detection is great, I put one up over my walkway from my parking area, the motion detection does not work, when I turn it on manually it only stays on for about 30 seconds, the last one I installed at the beginning of the walk way it works fine. Of course the one that was the hardest to install would be the problem. There is nothing blocking the line of sight of the motion detector nor blocking the solar panel.","{'feature': 'motion detection range of flood-security-lights', 'actual_sentence_extracted': 'I put two up on the side of the barn they are bright and the motion detection is great, I put one up over my walkway from my parking area, the motion detection does not work', 'rephrased_it(without experience & observation)': 'The user mentioned that the motion detection is great for the two flood-security-lights installed on the side of the barn, but the motion detection does not work for the one installed over the walkway from his parking area.', 'sentiment': 'positive'}",motion detection range,"The user mentioned that the motion detection is great for the two flood-security-lights installed on the side of the barn, but the motion detection does not work for the one installed over the walkway from his parking area.",,"The motion detection works great for the two flood-security-lights on the side of the barn, but not for the one over my walkway from the parking area.",445277,YES,"The motion detection works great for the two flood-security-lights on the side of the barn, but not for the one over my walkway from the parking area.",38,384801,2024-05-29T05:10:30.325197Z,2024-05-29T05:10:30.325249Z,2.824,YES
90bff502-b5e4-11ee-92e6-6d304ea26a0e,0,5,"""{'feature': 'motion detection range of flood-security-lights', 'actual_sentence_extracted': 'Motion detection is within my expectation from the side as well as in front / below.', 'rephrased_it(without experience & observation)': 'The user mentioned that the motion detection range is within his expectation from the side as well as in front/below.', 'sentiment': 'positive'}""",1,0,1.934903383255005,https://amazon.com/dp/B0C27MSSX2,"The brightness of the lights is comparable with other offers from other manufacturers.  

I like the easy installation with two pieces (a holder plate and the attachment with just sliding on).  

Another unique feature is the two side lights, which are curved and thus could cast a wider light path., Motion detection is within my expectation from the side as well as in front / below.  

Overall, this set has a very good first impression.","{'feature': 'motion detection range of flood-security-lights', 'actual_sentence_extracted': 'Motion detection is within my expectation from the side as well as in front / below.', 'rephrased_it(without experience & observation)': 'The user mentioned that the motion detection range is within his expectation from the side as well as in front/below.', 'sentiment': 'positive'}",motion detection range,The user mentioned that the motion detection range is within his expectation from the side as well as in front/below.,,The motion detection range meets my expectations from all sides.,445276,NO,The motion detection range meets my expectations from all sides.,38,384799,2024-05-29T05:10:25.967362Z,2024-05-29T05:10:25.967418Z,2.97,YES
90bff502-b5e4-11ee-92e6-6d304ea26a0e,13,2,"""{'feature': 'installation ease of flood-security-lights', 'actual_sentence_extracted': 'I cannot believe how easy these things are to mount, and the cord allows you the distance to put them just about anywhere...', 'rephrased_it(without experience & observation)': 'The user mentioned that the flood-security-lights are very easy to mount and the cord allows them to put them anywhere.', 'sentiment': 'positive'}""",7,0,2.110641717910767,https://amazon.com/dp/B0C27MSSX2,"""This thing, at first glance, is terrific!  

It provides all of the features Id been looking for.  

Great mountability, ease if use, several settings, even a really handy remote.  

I cannot believe how easy these things are to mount, and the cord allows you the distance to put them just about anywhere...

If you like, you can actually also get an extension cord online here at Amazon, to put them even further away--believe it or not!","{'feature': 'installation ease of flood-security-lights', 'actual_sentence_extracted': 'I cannot believe how easy these things are to mount, and the cord allows you the distance to put them just about anywhere...', 'rephrased_it(without experience & observation)': 'The user mentioned that the flood-security-lights are very easy to mount and the cord allows them to put them anywhere.', 'sentiment': 'positive'}",installation ease,The user mentioned that the flood-security-lights are very easy to mount and the cord allows them to put them anywhere.,,The flood-security-lights are easy to mount and can be placed anywhere with the cord.,445275,YES,The flood-security-lights are easy to mount and can be placed anywhere with the cord.,38,384796,2024-05-29T05:10:21.559981Z,2024-05-29T05:10:21.560028Z,3.45,YES
90bff502-b5e4-11ee-92e6-6d304ea26a0e,0,4,"""{'feature': 'installation ease of flood-security-lights', 'actual_sentence_extracted': 'I found no problems putting these together and they install relatively easily.', 'rephrased_it(without experience & observation)': 'The user mentioned that he found it easy to install the lights and there were no problems with the installation process.', 'sentiment': 'positive'}""",6,0,1.809560775756836,https://amazon.com/dp/B0C27MSSX2,"These motion sensor solar lights are very useful around buildings or at home.

I found no problems putting these together and they install relatively easily.

The most challenging thing to deal with when installing these lights is choosing an appropriate location which is dependent on different factors.

The actual setup of the lights themselves is not difficult at all.

I feel that the lights are bright enough, but could be a bit brighter.","{'feature': 'installation ease of flood-security-lights', 'actual_sentence_extracted': 'I found no problems putting these together and they install relatively easily.', 'rephrased_it(without experience & observation)': 'The user mentioned that he found it easy to install the lights and there were no problems with the installation process.', 'sentiment': 'positive'}",installation ease,The user mentioned that he found it easy to install the lights and there were no problems with the installation process.,,I found it easy to install the lights without any problems during the installation process.,445274,NO,I found it easy to install the lights without any problems during the installation process.,38,384794,2024-05-29T05:10:16.611640Z,2024-05-29T05:10:16.611692Z,3.222,YES
90bff502-b5e4-11ee-92e6-6d304ea26a0e,0,4,"""{'feature': 'installation ease of flood-security-lights', 'actual_sentence_extracted': 'This solar light is very easy to install.', 'rephrased_it(without experience & observation)': 'The user mentioned that the solar light is very easy to install.', 'sentiment': 'positive'}""",5,0,1.518353462219238,https://amazon.com/dp/B0C27MSSX2,"This solar light is very easy to install.

The long extension wire allows the solar panel up to 15 ft away from the light.

I install the light in the covered porch while having the solar panel sitting about 10 ft away on a sun-facing area.

The motion and light sensors work well.","{'feature': 'installation ease of flood-security-lights', 'actual_sentence_extracted': 'This solar light is very easy to install.', 'rephrased_it(without experience & observation)': 'The user mentioned that the solar light is very easy to install.', 'sentiment': 'positive'}",installation ease,The user mentioned that the solar light is very easy to install.,,The solar light is very easy to install.,445273,NO,The solar light is very easy to install.,38,384793,2024-05-29T05:10:12.096885Z,2024-05-29T05:10:12.096946Z,3.129,YES
90bff502-b5e4-11ee-92e6-6d304ea26a0e,0,5,"""{'feature': 'installation ease of flood-security-lights', 'actual_sentence_extracted': 'Super easy to install each solar panel was on a long cord, so can be moved into position where the sun will hit it.', 'rephrased_it(without experience & observation)': 'The user mentioned that the installation was super easy and the solar panel was on a long cord, so it could be moved into position where the sun would hit it.', 'sentiment': 'positive'}""",4,0,2.318778276443481,https://amazon.com/dp/B0C27MSSX2,"We’ve had these up for a few months, and so far so good still just as bright as day one!

Super easy to install each solar panel was on a long cord, so can be moved into position where the sun will hit it.

The quality is excellent.

These are not cheap.

They are a nice thick plastic.

The remotes are a nice touch as we can control them without having to get out a latter!","{'feature': 'installation ease of flood-security-lights', 'actual_sentence_extracted': 'Super easy to install each solar panel was on a long cord, so can be moved into position where the sun will hit it.', 'rephrased_it(without experience & observation)': 'The user mentioned that the installation was super easy and the solar panel was on a long cord, so it could be moved into position where the sun would hit it.', 'sentiment': 'positive'}",installation ease,"The user mentioned that the installation was super easy and the solar panel was on a long cord, so it could be moved into position where the sun would hit it.",,The installation was super easy and the solar panel can be moved into position where the sun hits it with its long cord.,445272,YES,The installation was super easy and the solar panel can be moved into position where the sun hits it with its long cord.,38,384791,2024-05-29T05:09:54.848292Z,2024-05-29T05:09:54.848345Z,12.178,YES
90bff502-b5e4-11ee-92e6-6d304ea26a0e,0,5,"""{'feature': 'installation ease of flood-security-lights', 'actual_sentence_extracted': 'I like the easy installation with two pieces (a holder plate and the attachment with just sliding on).', 'rephrased_it(without experience & observation)': 'The user mentioned that the installation was easy and it required only two pieces, a holder plate and the attachment which could be slid on.', 'sentiment': 'positive'}""",3,0,2.084952831268311,https://amazon.com/dp/B0C27MSSX2,"First off, I like the price for this 2-unit pack of lights. They will continue performing as they are in their initial impressive states.  The brightness of the lights is comparable with other offers from other manufacturers.  I like the easy installation with two pieces (a holder plate and the attachment with just sliding on).  Another unique feature is the two side lights, which are curved and thus could cast a wider light path., Motion detection is within my expectation from the side as well as in front / below.  Overall, this set has a very good first impression.","{'feature': 'installation ease of flood-security-lights', 'actual_sentence_extracted': 'I like the easy installation with two pieces (a holder plate and the attachment with just sliding on).', 'rephrased_it(without experience & observation)': 'The user mentioned that the installation was easy and it required only two pieces, a holder plate and the attachment which could be slid on.', 'sentiment': 'positive'}",installation ease,"The user mentioned that the installation was easy and it required only two pieces, a holder plate and the attachment which could be slid on.",,The installation was easy with only two pieces required - a holder plate and the attachment which could be slid on.,445271,YES,The installation was easy with only two pieces required - a holder plate and the attachment which could be slid on.,38,384789,2024-05-29T05:09:39.607556Z,2024-05-29T05:09:39.607609Z,2.987,YES
90bff502-b5e4-11ee-92e6-6d304ea26a0e,0,4,"""{'feature': 'installation ease of flood-security-lights', 'actual_sentence_extracted': 'Easy install - 4 screw between the 2 mounts, and the lights/panels slide right into the mount.', 'rephrased_it(without experience & observation)': 'The user mentioned that the installation was easy and only required 4 screws between the 2 mounts. The lights/panels slide right into the mount.', 'sentiment': 'positive'}""",2,0,2.195899248123169,https://amazon.com/dp/B0C27MSSX2,"The batteries on these lights last a long time and they last from dusk to dawn in ""mode 2"".  

The remote has a very limited range, however.  

But these are ""set and forget"" for me, so I don't really even need the remote.  

Easy install - 4 screw between the 2 mounts, and the lights/panels slide right into the mount.  

These aren't 500w halogens, but they operate for free.  

Good deal all around.  

Very happy with my purchase.","{'feature': 'installation ease of flood-security-lights', 'actual_sentence_extracted': 'Easy install - 4 screw between the 2 mounts, and the lights/panels slide right into the mount.', 'rephrased_it(without experience & observation)': 'The user mentioned that the installation was easy and only required 4 screws between the 2 mounts. The lights/panels slide right into the mount.', 'sentiment': 'positive'}",installation ease,The user mentioned that the installation was easy and only required 4 screws between the 2 mounts. The lights/panels slide right into the mount.,,Installation is easy with only 4 screws required between the 2 mounts. The lights/panels slide right into the mount.,445270,YES,Installation is easy with only 4 screws required between the 2 mounts. The lights/panels slide right into the mount.,38,384787,2024-05-29T05:09:35.123619Z,2024-05-29T05:09:35.123674Z,2.795,YES
90bff502-b5e4-11ee-92e6-6d304ea26a0e,0,4,"""{'feature': 'installation ease of flood-security-lights', 'actual_sentence_extracted': 'Installation was easy as well.', 'rephrased_it(without experience & observation)': 'The user mentioned that the installation was easy.', 'sentiment': 'positive'}""",1,0,1.382420301437378,https://amazon.com/dp/B0C27MSSX2,"I ordered this a week ago and they didn’t work.

Amazon replaced them and these work great.

Great sensor and brightness is excellent.

Installation was easy as well.

Like the long cord if you need to place the solar panel in a different location.

The only problem I have is with the remote.

I wanted to be able to turn it on from my bedroom window.

But for some reason it won’t turn on the through the window.

Otherwise great lights.","{'feature': 'installation ease of flood-security-lights', 'actual_sentence_extracted': 'Installation was easy as well.', 'rephrased_it(without experience & observation)': 'The user mentioned that the installation was easy.', 'sentiment': 'positive'}",installation ease,The user mentioned that the installation was easy.,,Installation was easy.,445269,NO,Installation was easy.,38,384785,2024-05-29T05:09:31.050956Z,2024-05-29T05:09:31.051008Z,2.335,YES
90bff502-b5e4-11ee-92e6-6d304ea26a0e,0,4,"""{'feature': 'energy efficiency of flood-security-lights', 'actual_sentence_extracted': 'But the extra long wire is not detachable. This means you must wind it up and mount it some how behind the light.', 'rephrased_it(without experience & observation)': 'The user mentioned that the extra long wire is not detachable and it is difficult to wind it up and mount it behind the light.', 'sentiment': 'negative'}""",8,0,2.191481590270996,https://amazon.com/dp/B0C27MSSX2,"The extra long wire helped with location of one of the units.  

I am very happy how it allowed mounting that is way superior to the old unit I replaced.  

The cupped mounting system also made it easier to mount.  

The second light I mounted the solar panel to the light.  

Nice mounting again.  

But the extra long wire is not detachable.  

This means you must wind it up and mount it some how behind the light.  

It works, but it could be better.","{'feature': 'energy efficiency of flood-security-lights', 'actual_sentence_extracted': 'But the extra long wire is not detachable. This means you must wind it up and mount it some how behind the light.', 'rephrased_it(without experience & observation)': 'The user mentioned that the extra long wire is not detachable and it is difficult to wind it up and mount it behind the light.', 'sentiment': 'negative'}",energy efficiency,The user mentioned that the extra long wire is not detachable and it is difficult to wind it up and mount it behind the light.,,The extra long wire is difficult to wind up and mount behind the light as it is not detachable.,445268,NO,The extra long wire is difficult to wind up and mount behind the light as it is not detachable.,38,384780,2024-05-29T05:09:18.173444Z,2024-05-29T05:09:18.173493Z,3.979,NO
90bff502-b5e4-11ee-92e6-6d304ea26a0e,0,5,"""{'feature': 'energy efficiency of flood-security-lights', 'actual_sentence_extracted': 'These mount very easily and the solar side works well.', 'rephrased_it(without experience & observation)': 'The user mentioned that the lights mount easily and the solar side works well.', 'sentiment': 'positive'}""",6,0,1.613468647003174,https://amazon.com/dp/B0C27MSSX2,"I belong to several local community groups, mostly art and music related.  

We have several areas that have special historical significance.

We don’t have any money, so we have to work with things as best we can.  

I have gotten these lights to provide some nighttime security and ambiance to multiple areas.  

These include a 170 year old log cabin, a community garden, a 100+ year old train station and more., These mount very easily and the solar side works well.,","{'feature': 'energy efficiency of flood-security-lights', 'actual_sentence_extracted': 'These mount very easily and the solar side works well.', 'rephrased_it(without experience & observation)': 'The user mentioned that the lights mount easily and the solar side works well.', 'sentiment': 'positive'}",energy efficiency,The user mentioned that the lights mount easily and the solar side works well.,,The lights mount easily and the solar side works well.,445267,NO,The lights mount easily and the solar side works well.,38,384778,2024-05-29T05:09:12.713416Z,2024-05-29T05:09:12.713472Z,3.863,NO
90bff502-b5e4-11ee-92e6-6d304ea26a0e,0,4,"""{'feature': 'energy efficiency of flood-security-lights', 'actual_sentence_extracted': 'The batteries on these lights last a long time and they last from dusk to dawn in \""mode 2\"".', 'rephrased_it(without experience & observation)': 'The user mentioned that the batteries of the flood-security-lights last long and they last from dusk to dawn in mode 2.', 'sentiment': 'positive'}""",4,0,2.10627293586731,https://amazon.com/dp/B0C27MSSX2,"I keep them set on ""mode 2"" which is dim all night until motion where they get bright for like 20-30 seconds until the motion is gone.  

The motion sensing works good.  

These are mainly to keep track of our dogs at night as our yard is very large.  

We have enough motion lights on the perimeter to locate them as they walk/run by.  

The batteries on these lights last a long time and they last from dusk to dawn in ""mode 2"".  

The remote has a very limited range, however.","{'feature': 'energy efficiency of flood-security-lights', 'actual_sentence_extracted': 'The batteries on these lights last a long time and they last from dusk to dawn in ""mode 2"".', 'rephrased_it(without experience & observation)': 'The user mentioned that the batteries of the flood-security-lights last long and they last from dusk to dawn in mode 2.', 'sentiment': 'positive'}",energy efficiency,The user mentioned that the batteries of the flood-security-lights last long and they last from dusk to dawn in mode 2.,,The batteries of the flood-security-lights last long and they last from dusk to dawn in mode 2.,445265,YES,The batteries of the flood-security-lights last long and they last from dusk to dawn in mode 2.,38,384731,2024-05-29T05:03:57.092860Z,2024-05-29T05:03:57.092901Z,3.107,YES
90bff502-b5e4-11ee-92e6-6d304ea26a0e,13,2,"""{'feature': 'energy efficiency of flood-security-lights', 'actual_sentence_extracted': 'All this company had to do was to allow access to change the battery, and that wouldve worked.', 'rephrased_it(without experience & observation)': 'The user mentioned that the company could have made it work if they had allowed access to change the battery.', 'sentiment': 'negative'}""",3,0,1.961725950241089,https://amazon.com/dp/B0C27MSSX2,"In-fact, all-but useless.  

All, and I mean ALL that I have purchased will be going back, and I will begin the process all over again with another brand that does the same exact thing...

Just has far more sustainably and has thought this through.  

All this company had to do was to allow access to change the battery, and that wouldve worked.  

Nope!"", Well, buyer beware...

Mine are going back.,

Hope this is informative.  

Be well, all...","{'feature': 'energy efficiency of flood-security-lights', 'actual_sentence_extracted': 'All this company had to do was to allow access to change the battery, and that wouldve worked.', 'rephrased_it(without experience & observation)': 'The user mentioned that the company could have made it work if they had allowed access to change the battery.', 'sentiment': 'negative'}",energy efficiency,The user mentioned that the company could have made it work if they had allowed access to change the battery.,,"If we had been allowed access to change the battery, we could have made it work.",445264,YES,"If we had been allowed access to change the battery, we could have made it work.",38,384729,2024-05-29T05:03:52.175929Z,2024-05-29T05:03:52.175983Z,3.341,OTHER
90bff502-b5e4-11ee-92e6-6d304ea26a0e,0,5,"""{'feature': 'energy efficiency of flood-security-lights', 'actual_sentence_extracted': 'Solar lights are so amazing!!', 'rephrased_it(without experience & observation)': 'The user expressed his amazement towards solar lights.', 'sentiment': 'positive'}""",2,0,1.449475288391113,https://amazon.com/dp/B0C27MSSX2,"""Solar lights are so amazing!!

but this one in particular is super cool.

It has 16 feet of cable!!

So convenient to place wherever you need light shined on.

I really like that the three heads of the light ports are unattached, and flexible so one can be turned to the left, the middle pointing straight, and the right one to the right.

I cant emphasize enough to not lose the remote control because it is very useful in order to set the settings/change them.""","{'feature': 'energy efficiency of flood-security-lights', 'actual_sentence_extracted': 'Solar lights are so amazing!!', 'rephrased_it(without experience & observation)': 'The user expressed his amazement towards solar lights.', 'sentiment': 'positive'}",energy efficiency,The user expressed his amazement towards solar lights.,,I am amazed by solar lights.,445263,NO,I am amazed by solar lights.,38,384728,2024-05-29T05:03:47.586204Z,2024-05-29T05:03:47.586236Z,1.854,OTHER
90bff502-b5e4-11ee-92e6-6d304ea26a0e,0,4,"""{'feature': 'energy efficiency of flood-security-lights', 'actual_sentence_extracted': 'I like how they are solar so no hassle of having to run electricity to it.', 'rephrased_it(without experience & observation)': 'The user mentioned that he likes the fact that the floodlights are solar powered and there is no hassle of running electricity to it.', 'sentiment': 'positive'}""",1,0,1.961369276046753,https://amazon.com/dp/B0C27MSSX2,"These are very good floodlights.

I like how they are solar so no hassle of having to run electricity to it.

You can pretty much mount this anywhere which is great.

I do wish that it was a little brighter which is consistent with most solar powered lights.

Overall great product!","{'feature': 'energy efficiency of flood-security-lights', 'actual_sentence_extracted': 'I like how they are solar so no hassle of having to run electricity to it.', 'rephrased_it(without experience & observation)': 'The user mentioned that he likes the fact that the floodlights are solar powered and there is no hassle of running electricity to it.', 'sentiment': 'positive'}",energy efficiency,The user mentioned that he likes the fact that the floodlights are solar powered and there is no hassle of running electricity to it.,,I like that the floodlights are solar powered and there is no hassle of running electricity to it.,445262,YES,I like that the floodlights are solar powered and there is no hassle of running electricity to it.,38,384727,2024-05-29T05:03:44.515102Z,2024-05-29T05:03:44.515156Z,2.289,YES
90bff502-b5e4-11ee-92e6-6d304ea26a0e,0,5,"""{'feature': 'coverage area of flood-security-lights', 'actual_sentence_extracted': 'Another unique feature is the two side lights, which are curved and thus could cast a wider light path.', 'rephrased_it(without experience & observation)': 'The user mentioned that the two side lights are curved and can cast a wider light path.', 'sentiment': 'positive'}""",6,0,1.891653299331665,https://amazon.com/dp/B0C27MSSX2,"The brightness of the lights is comparable with other offers from other manufacturers.  

I like the easy installation with two pieces (a holder plate and the attachment with just sliding on).  

Another unique feature is the two side lights, which are curved and thus could cast a wider light path., Motion detection is within my expectation from the side as well as in front / below.  

Overall, this set has a very good first impression.","{'feature': 'coverage area of flood-security-lights', 'actual_sentence_extracted': 'Another unique feature is the two side lights, which are curved and thus could cast a wider light path.', 'rephrased_it(without experience & observation)': 'The user mentioned that the two side lights are curved and can cast a wider light path.', 'sentiment': 'positive'}",coverage area,The user mentioned that the two side lights are curved and can cast a wider light path.,,The two side lights are curved and can cast a wider light path.,445261,YES,The two side lights are curved and can cast a wider light path.,38,384726,2024-05-29T05:03:40.862125Z,2024-05-29T05:03:40.862178Z,2.541,YES
90bff502-b5e4-11ee-92e6-6d304ea26a0e,0,1,"""{'feature': 'coverage area of flood-security-lights', 'actual_sentence_extracted': 'I bought these lights for my safe return home after dark.', 'rephrased_it(without experience & observation)': 'The user mentioned that he bought these lights for his safe return home after dark.', 'sentiment': 'neutral'}""",4,0,1.647132873535156,https://amazon.com/dp/B0C27MSSX2,"The media could not be loaded.                , ""'xa0I bought these lights for my safe return home after dark.

However only one light work and the only way to get another is to return it and pay a fee for pickup.

Which is something I cant do bc

I dont have a vehicle.

So please make sure they both work before installing.""","{'feature': 'coverage area of flood-security-lights', 'actual_sentence_extracted': 'I bought these lights for my safe return home after dark.', 'rephrased_it(without experience & observation)': 'The user mentioned that he bought these lights for his safe return home after dark.', 'sentiment': 'neutral'}",coverage area,The user mentioned that he bought these lights for his safe return home after dark.,,I bought these lights for my safe return home after dark.,445260,NO,I bought these lights for my safe return home after dark.,38,384725,2024-05-29T05:03:37.195367Z,2024-05-29T05:03:37.195399Z,2.518,OTHER
90bff502-b5e4-11ee-92e6-6d304ea26a0e,13,2,"""{'feature': 'coverage area of flood-security-lights', 'actual_sentence_extracted': 'In the front of our home, I know (until around midnight) if someone is lurking anywhere near our front window or either of the gated areas.', 'rephrased_it(without experience & observation)': 'The user mentioned that he can know if someone is lurking anywhere near his front window or either of the gated areas in the front of his home until around midnight.', 'sentiment': 'positive'}""",3,0,2.480176448822021,https://amazon.com/dp/B0C27MSSX2,"""This thing, at first glance, is terrific!  It provides all of the features Id been looking for.  Great mountability, ease if use, several settings, even a really handy remote.  I cannot believe how easy these things are to mount, and the cord allows you the distance to put them just about anywhere... If you like, you can actually also get an extension cord online here at Amazon, to put them even further away--believe it or not!  So impressed was I, that Ive purchased seven of these around my home, which now looks to be more of a night-light action fortress... Thanks to these lights.  When my wife and I take our puppy out, the moment we open the door... Each of these, motion-sensor set, progressively lights our way... Joy, our puppy, can see with perfect clarity, and I never flip a switch (until around midnight).  In the front of our home, I know (until around midnight) if someone is lurking anywhere near our front window or either of the gated areas.  And importantly, any prowler knows that I know--Instantly.  Again, please note... Until about midnight.  Because, these things have about a 3 hour life... Provided theyre on setting number 3 (nightlight until set off by motion sensor). Perfect, absolute perfection, if youre looking for a fraction of your nights lighting and protection."", ""This battery life thing was so completely not well thought out, and there is no way, according to customer service, to update the internal battery.  ABSOLUTELY ridiculous.  Now, please understand, there are batteries out there that would make these things completely and marvelously functional.  But, you cannot access the battery in these to change them to make them longer-lasting.  Ive asked, Ive tried... Ive done so with the other products that Ive bought through other manufacturers.  The other products have worked absolutely perfectly with this simple upgrade.  And folks, winter is coming, temperatures are dropping, day light will be lessening.  That means these lights, will only function for maybe, two hours?"", ""So, in my opinion, that makes this product completely not useful.  In-fact, all-but useless.  All, and I mean ALL that I have purchased will be going back, and I will begin the process all over again with another brand that does the same exact thing... Just has far more sustainably and has thought this through.  All this company had to do was to allow access to change the battery, and that wouldve worked.  Nope!"", Well, buyer beware... Mine are going back., Hope this is informative.  Be well, all...","{'feature': 'coverage area of flood-security-lights', 'actual_sentence_extracted': 'In the front of our home, I know (until around midnight) if someone is lurking anywhere near our front window or either of the gated areas.', 'rephrased_it(without experience & observation)': 'The user mentioned that he can know if someone is lurking anywhere near his front window or either of the gated areas in the front of his home until around midnight.', 'sentiment': 'positive'}",coverage area,The user mentioned that he can know if someone is lurking anywhere near his front window or either of the gated areas in the front of his home until around midnight.,,I can't know if someone is lurking near my front window or gated areas until around midnight.,445259,YES,I can't know if someone is lurking near my front window or gated areas until around midnight.,38,384724,2024-05-29T05:03:33.408470Z,2024-05-29T05:03:33.408522Z,3.591,OTHER
90bff502-b5e4-11ee-92e6-6d304ea26a0e,0,2,"""{'feature': 'coverage area of flood-security-lights', 'actual_sentence_extracted': 'There is NO WAY that photo they used to sell it is accurate because the solar panel alone is the size of the rain gutter.', 'rephrased_it(without experience & observation)': 'The user mentioned that the size of the solar panel is similar to the size of the rain gutter and the photo used to sell it is not accurate.', 'sentiment': 'negative'}""",2,0,2.255625247955322,https://amazon.com/dp/B0C27MSSX2,"My security lights arrived.

, Boy those photos on Amazon sure are deceptive when it comes to size., As you can see they aren’t much larger than a cell phone.

, There is NO WAY that photo they used to sell it is accurate because the solar panel alone is the size of the rain gutter.

, I’m returning for something larger.

These are like a toy.","{'feature': 'coverage area of flood-security-lights', 'actual_sentence_extracted': 'There is NO WAY that photo they used to sell it is accurate because the solar panel alone is the size of the rain gutter.', 'rephrased_it(without experience & observation)': 'The user mentioned that the size of the solar panel is similar to the size of the rain gutter and the photo used to sell it is not accurate.', 'sentiment': 'negative'}",coverage area,The user mentioned that the size of the solar panel is similar to the size of the rain gutter and the photo used to sell it is not accurate.,,The size of the solar panel is similar to the rain gutter and the photo used to sell it is not accurate.,445258,Other,The size of the solar panel is similar to the rain gutter and the photo used to sell it is not accurate.,38,384723,2024-05-29T05:03:26.543914Z,2024-05-29T05:03:26.543982Z,6.801,OTHER
90bff502-b5e4-11ee-92e6-6d304ea26a0e,0,5,"""{'feature': 'coverage area of flood-security-lights', 'actual_sentence_extracted': 'I have gotten these lights to provide some nighttime security and ambiance to multiple areas. These include a 170 year old log cabin, a community garden, a 100+ year old train station and more.', 'rephrased_it(without experience & observation)': 'The user mentioned that he used these lights to provide nighttime security and ambiance to multiple areas, including a 170 year old log cabin, a community garden, a 100+ year old train station and more.', 'sentiment': 'positive'}""",1,0,2.828049421310425,https://amazon.com/dp/B0C27MSSX2,"I belong to several local community groups, mostly art and music related.  

We have several areas that have special historical significance.

We don’t have any money, so we have to work with things as best we can.  

I have gotten these lights to provide some nighttime security and ambiance to multiple areas.  

These include a 170 year old log cabin, a community garden, a 100+ year old train station and more., These mount very easily and the solar side works well.,","{'feature': 'coverage area of flood-security-lights', 'actual_sentence_extracted': 'I have gotten these lights to provide some nighttime security and ambiance to multiple areas. These include a 170 year old log cabin, a community garden, a 100+ year old train station and more.', 'rephrased_it(without experience & observation)': 'The user mentioned that he used these lights to provide nighttime security and ambiance to multiple areas, including a 170 year old log cabin, a community garden, a 100+ year old train station and more.', 'sentiment': 'positive'}",coverage area,"The user mentioned that he used these lights to provide nighttime security and ambiance to multiple areas, including a 170 year old log cabin, a community garden, a 100+ year old train station and more.",,"I used these lights to provide nighttime security and ambiance to multiple areas, including a 170 year old log cabin, a community garden, a 100+ year old train station and more.",445257,YES,"I used these lights to provide nighttime security and ambiance to multiple areas, including a 170 year old log cabin, a community garden, a 100+ year old train station and more.",38,384722,2024-05-29T05:03:17.931086Z,2024-05-29T05:03:17.931137Z,15.987,YES
90bff502-b5e4-11ee-92e6-6d304ea26a0e,0,1,"""{'feature': 'brightness levels of flood-security-lights', 'actual_sentence_extracted': 'Also, I dont believe the stated lumens rating for these.', 'rephrased_it(without experience & observation)': 'The user expressed his doubt about the lumens rating of the flood-security lights.', 'sentiment': 'negative'}""",5,0,1.684982538223267,https://amazon.com/dp/B0C27MSSX2,"""One of these units works in Mode 4 only (which is fine by me), the other works in every mode OTHER than mode 4.

This means its essentially useless to me.

Also, I dont believe the stated lumens rating for these.

There is noticeably less light than the 2100 lumen LED floodlight these replaced.

Its workable, but I guess you get what you pay for.""","{'feature': 'brightness levels of flood-security-lights', 'actual_sentence_extracted': 'Also, I dont believe the stated lumens rating for these.', 'rephrased_it(without experience & observation)': 'The user expressed his doubt about the lumens rating of the flood-security lights.', 'sentiment': 'negative'}",brightness levels,The user expressed his doubt about the lumens rating of the flood-security lights.,,I doubt the lumens rating of the flood-security lights.,445256,NO,I doubt the lumens rating of the flood-security lights.,38,384721,2024-05-29T05:02:53.248517Z,2024-05-29T05:02:53.248567Z,2.429,YES
90bff502-b5e4-11ee-92e6-6d304ea26a0e,0,5,"""{'feature': 'brightness levels of flood-security-lights', 'actual_sentence_extracted': 'When all the lights are motion activated, the brightness lit up my whole yard (roughly about 1/4 acre in a rectangular shape).', 'rephrased_it(without experience & observation)': 'The user mentioned that when all the lights are motion activated, the brightness lit up the whole yard.', 'sentiment': 'positive'}""",4,0,2.134360313415527,https://amazon.com/dp/B0C27MSSX2,"So far, these outdoor solar lights have been impressive.  I installed all four to surround my back yard.  When all the lights are motion activated, the brightness lit up my whole yard (roughly about 1/4 acre in a rectangular shape). After the 20 seconds have passed, the brightness dimmed, but the setting I chose (#2) keeps the yard illuminated. The lights come on at dusk, stay on all night and auto shut off at dawn. It’s been about two weeks since installation and so far so good.  If this can last at least a year at the state of brightness, then it is well worth the investment.","{'feature': 'brightness levels of flood-security-lights', 'actual_sentence_extracted': 'When all the lights are motion activated, the brightness lit up my whole yard (roughly about 1/4 acre in a rectangular shape).', 'rephrased_it(without experience & observation)': 'The user mentioned that when all the lights are motion activated, the brightness lit up the whole yard.', 'sentiment': 'positive'}",brightness levels,"The user mentioned that when all the lights are motion activated, the brightness lit up the whole yard.",,"When all the lights are motion activated, the brightness lights up the whole yard.",445255,NO,"When all the lights are motion activated, the brightness lights up the whole yard.",38,384719,2024-05-29T05:02:49.442034Z,2024-05-29T05:02:49.442086Z,2.348,YES
90bff502-b5e4-11ee-92e6-6d304ea26a0e,0,4,"""{'feature': 'brightness levels of flood-security-lights', 'actual_sentence_extracted': 'I feel that the main thing to improve is the brightness. After a full day under the bright West Coast sun, these lights did shine brightly, but I feel that they could have been brighter.', 'rephrased_it(without experience & observation)': 'The user mentioned that the brightness level of the lights could have been better even though they shone brightly after a full day under the sun.', 'sentiment': 'neutral'}""",3,0,2.49258017539978,https://amazon.com/dp/B0C27MSSX2,"These motion sensor solar lights are very useful around buildings or at home. I found no problems putting these together and they install relatively easily. The most challenging thing to deal with when installing these lights is choosing an appropriate location which is dependent on different factors. The actual setup of the lights themselves is not difficult at all. I feel that the lights are bright enough, but could be a bit brighter. They have no problem sensing motion and they are pretty instant. They don’t have a weird wait time or anything like that. I feel that the main thing to improve is the brightness. After a full day under the bright West Coast sun, these lights did shine brightly, but I feel that they could have been brighter. Still, these are a must have if you don’t want to deal with electrical wiring for halogen type fixtures.","{'feature': 'brightness levels of flood-security-lights', 'actual_sentence_extracted': 'I feel that the main thing to improve is the brightness. After a full day under the bright West Coast sun, these lights did shine brightly, but I feel that they could have been brighter.', 'rephrased_it(without experience & observation)': 'The user mentioned that the brightness level of the lights could have been better even though they shone brightly after a full day under the sun.', 'sentiment': 'neutral'}",brightness levels,The user mentioned that the brightness level of the lights could have been better even though they shone brightly after a full day under the sun.,,"The brightness level of the lights could have been better, even though they shone brightly after a full day under the sun.",445254,YES,"The brightness level of the lights could have been better, even though they shone brightly after a full day under the sun.",38,384718,2024-05-29T05:02:45.634021Z,2024-05-29T05:02:45.634069Z,4.913,YES
90bff502-b5e4-11ee-92e6-6d304ea26a0e,0,5,"""{'feature': 'brightness levels of flood-security-lights', 'actual_sentence_extracted': 'The brightness of the lights is comparable with other offers from other manufacturers', 'rephrased_it(without experience & observation)': 'The user mentioned that the brightness of the lights is comparable with other offers from other manufacturers.', 'sentiment': 'positive'}""",2,0,1.753015279769897,https://amazon.com/dp/B0C27MSSX2,"First off, I like the price for this 2-unit pack of lights. They will continue performing as they are in their initial impressive states.  The brightness of the lights is comparable with other offers from other manufacturers.  I like the easy installation with two pieces (a holder plate and the attachment with just sliding on).  Another unique feature is the two side lights, which are curved and thus could cast a wider light path., Motion detection is within my expectation from the side as well as in front / below.  Overall, this set has a very good first impression.","{'feature': 'brightness levels of flood-security-lights', 'actual_sentence_extracted': 'The brightness of the lights is comparable with other offers from other manufacturers', 'rephrased_it(without experience & observation)': 'The user mentioned that the brightness of the lights is comparable with other offers from other manufacturers.', 'sentiment': 'positive'}",brightness levels,The user mentioned that the brightness of the lights is comparable with other offers from other manufacturers.,,The brightness of our lights is comparable with other manufacturers.,445253,NO,The brightness of our lights is comparable with other manufacturers.,38,384715,2024-05-29T05:02:39.340039Z,2024-05-29T05:02:39.340094Z,2.445,OTHER
90bff502-b5e4-11ee-92e6-6d304ea26a0e,0,5,"""{'feature': 'brightness levels of flood-security-lights', 'actual_sentence_extracted': 'The brightness level, by default, is set to a lower level to conserve battery life, and it shines at full brightness whenever the motion sensor detects movement.', 'rephrased_it(without experience & observation)': 'The user mentioned that the brightness level is set to a lower level by default to conserve battery life and it shines at full brightness whenever the motion sensor detects movement.', 'sentiment': 'positive'}""",1,0,2.402341604232788,https://amazon.com/dp/B0C27MSSX2,"These lights were easy to set up.

They turn on when the sun goes down, and they turn off when the sun comes up.

The brightness level, by default, is set to a lower level to conserve battery life, and it shines at full brightness whenever the motion sensor detects movement.

It comes with remotes, but I never use them.

Good value for the asking price.","{'feature': 'brightness levels of flood-security-lights', 'actual_sentence_extracted': 'The brightness level, by default, is set to a lower level to conserve battery life, and it shines at full brightness whenever the motion sensor detects movement.', 'rephrased_it(without experience & observation)': 'The user mentioned that the brightness level is set to a lower level by default to conserve battery life and it shines at full brightness whenever the motion sensor detects movement.', 'sentiment': 'positive'}",brightness levels,The user mentioned that the brightness level is set to a lower level by default to conserve battery life and it shines at full brightness whenever the motion sensor detects movement.,,"By default, the brightness level is set to a lower level to conserve battery life. It shines at full brightness whenever the motion sensor detects movement.",445252,YES,"By default, the brightness level is set to a lower level to conserve battery life. It shines at full brightness whenever the motion sensor detects movement.",38,384714,2024-05-29T05:02:35.430331Z,2024-05-29T05:02:35.430385Z,3.294,YES
